 givenName , otherName , familyName , email , addressLine1 , addressLine2 , addressLine3 , addressLine4 , addressLine5 , postCode
 Nigel , John , Mills , nigel.mills.mp@parliament.uk , House of Commons , London ,,,, SW1A 0AA
 Gordon ,, Marsden , gordonmarsdenmp@parliament.uk , House of Commons , London ,,,, SW1A 0AA
 Leo ,, Docherty , leo.docherty.mp@parliament.uk , House of Commons , London ,,,, SW1A 0AA
 Frank ,, Field , fieldf@parliament.uk , House of Commons , London ,,,, SW1A 0AA
 John , Michael , Howell , howelljm@parliament.uk , House of Commons , London ,,,, SW1A 0AA
 Dawn , Petula , Butler , dawn.butler.mp@parliament.uk , House of Commons  , London ,,,, SW1A 0AA
 Judith , Mary , Cummins , judith.cummins.mp@parliament.uk , House of Commons , London ,,,, SW1A 0AA
 Christopher ,, Heaton-Harris , chris.heatonharris.mp@parliament.uk , House of Commons , London ,,,, SW1A 0AA
 Rosemary , Clare , Duffield , rosie.duffield.mp@parliament.uk , House of Commons , London ,,,, SW1A 0AA
 Bernard , Christison , Jenkin , bernard.jenkin.mp@parliament.uk , House of Commons , London ,,,, SW1A 0AA
 James , Richard , Frith , james.frith.mp@parliament.uk , House of Commons , London ,,,, SW1A 0AA
 Geoffrey ,, Robinson , robinsong@parliament.uk , House of Commons , London ,,,, SW1A 0AA
 James , Dolan , Cunningham , jim.cunningham.mp@parliament.uk , House of Commons , London ,,,, SW1A 0AA
 James ,, Morris , james.morris.mp@parliament.uk , House of Commons , London ,,,, SW1A 0AA
 Lee , Benjamin , Rowley , lee.rowley.mp@parliament.uk , House of Commons , London ,,,, SW1A 0AA
 Stephen ,, Barclay , stephen.barclay.mp@parliament.uk , House of Commons , London ,,,, SW1A 0AA
 Yvonne , Helen , Fovargue , yvonne.fovargue.mp@parliament.uk , House of Commons , London ,,,, SW1A 0AA
 Robert ,, Goodwill , robert.goodwill.mp@parliament.uk , House of Commons , London ,,,, SW1A 0AA
 Pauline , Elizabeth , Latham , pauline.latham.mp@parliament.uk , House of Commons , London ,,,, SW1A 0AA
 John , Timothy , Grogan , john.grogan.mp@parliament.uk , House of Commons , London ,,,, SW1A 0AA
 James ,, McMahon , jim.mcmahon.mp@parliament.uk  , House of Commons , London ,,,, SW1A 0AA
 Thomas , Anthony , Watson , tom.watson.mp@parliament.uk , House of Commons , London ,,,, SW1A 0AA
 Alexander , James Jorden , Norris , alex.norris.mp@parliament.uk , House of Commons , London ,,,, SW1A 0AA
 Michael , James , Tomlinson-Mynors , michael.tomlinson.mp@parliament.uk , House of Commons , London ,,,, SW1A 0AA
 David , John , Warburton , david.warburton.mp@parliament.uk , House of Commons , London ,,,, SW1A 0AA
 Gavin , Alexander , Williamson , gavin.williamson.mp@parliament.uk , House of Commons , London ,,,, SW1A 0AA
 Harriett , Mary Morison , Baldwin , harriett.baldwin.mp@parliament.uk , House of Commons , London ,,,, SW1A 0AA
 Andrew , George , Stephenson , andrew.stephenson.mp@parliament.uk , House of Commons , London ,,,, SW1A 0AA
 Adam , James Harold , Holloway , hollowaya@parliament.uk , House of Commons , London ,,,, SW1A 0AA
 Alexander , Jesse , Norman , jesse.norman.mp@parliament.uk , House of Commons , London ,,,, SW1A 0AA
 Timothy , James , Farron , farront@parliament.uk , House of Commons , London ,,,, SW1A 0AA
 Helen , Mary , Jones , jonesh@parliament.uk , House of Commons , London ,,,, SW1A 0AA
 Catharine , Letitia , Hoey , hoeyk@parliament.uk , House of Commons , London ,,,, SW1A 0AA
 Angela ,, Eagle , eaglea@parliament.uk , House of Commons , London ,,,, SW1A 0AA
 Albert ,, Owen , albert.owen.mp@parliament.uk , House of Commons , London ,,,, SW1A 0AA
 Susan , Elan , Jones , susan.jones.mp@parliament.uk , House of Commons , London ,,,, SW1A 0AA
 Robin , Caspar , Walker , robin.walker.mp@parliament.uk , House of Commons , London ,,,, SW1A 0AA
 Alison ,, McGovern , alison.mcgovern.mp@parliament.uk , House of Commons , London ,,,, SW1A 0AA
 Christopher , John , Bryant , bryantc@parliament.uk , House of Commons , London ,,,, SW1A 0AA
 Oliver ,, Letwin , letwino@parliament.uk , House of Commons , London ,,,, SW1A 0AA
 Susan , Mary , Hayman , sue.hayman.mp@parliament.uk , House of Commons , London ,,,, SW1A 0AA
 Caroline ,, Lucas , caroline.lucas.mp@parliament.uk , House of Commons , London ,,,, SW1A 0AA
 Dominic , Charles Roberts , Grieve , dominic.grieve.mp@parliament.uk , House of Commons , London ,,,, SW1A 0AA
 David , Roy , Lidington , david.lidington.mp@parliament.uk , House of Commons , London ,,,, SW1A 0AA
 Huw , William , Merriman , huw.merriman.mp@parliament.uk , House of Commons , London ,,,, SW1A 0AA
 Andrew , James , Griffiths , andrew.griffiths.mp@parliament.uk , House of Commons , London ,,,, SW1A 0AA
 Yasmin  ,, Qureshi , yasmin.qureshi.mp@parliament.uk , House of Commons , London ,,,, SW1A 0AA
 Teresa ,, Pearce , teresa.pearce.mp@parliament.uk , House of Commons , London ,,,, SW1A 0AA
 Mark ,, Harper , mark.harper.mp@parliament.uk , House of Commons , London ,,,, SW1A 0AA
 Ian ,, Austin , austini@parliament.uk , House of Commons , London ,,,, SW1A 0AA
 Robert , Henry , Halfon ,, House of Commons , London ,,,, SW1A 0AA
 Rupa , Asha , Huq , rupa.huq.mp@parliament.uk , House of Commons , London ,,,, SW1A 0AA
 John , Simon , Bercow , speakersoffice@parliament.uk , Speaker’s Office , House of Commons , London , SW1A 0AA , (Please note: briefings and other representations from lobbying/interest groups should be sent to the Constituency Office) ,
 Jonathan , Simon , Djanogly , jonathan.djanogly.mp@parliament.uk , House of Commons , London ,,,, SW1A 0AA
 Victoria , Grace , Ford , vicky.ford.mp@parliament.uk , House of Commons , London ,,,, SW1A 0AA
 William , David , Wiggin , bill.wiggin.mp@parliament.uk , House of Commons , London ,,,, SW1A 0AA
 Nicola , Ann , Morgan , nicky.morgan.mp@parliament.uk , House of Commons , London ,,,, SW1A 0AA
 Daniel , Robert , Kawczynski , kawczynskid@parliament.uk , House of Commons , London ,,,, SW1A 0AA
 Stuart , James , Andrew , stuart.andrew.mp@parliament.uk , House of Commons , London ,,,, SW1A 0AA
 Keith , Anthony , Vaz , vazk@parliament.uk , House of Commons , London ,,,, SW1A 0AA
 Neil , John , O'Brien , neil.obrien.mp@parliament.uk , House of Commons , London ,,,, SW1A 0AA
 Oliver ,, Heald , Oliver.heald.mp@parliament.uk , House of Commons , London ,,,, SW1A 0AA
 Richard , Irwin , Harrington , richard.harrington.mp@parliament.uk , House of Commons , London ,,,, SW1A 0AA
 Alan ,, Campbell , alan.campbell.mp@parliament.uk , House of Commons , London ,,,, SW1A 0AA
 George , Edward , Howarth , george.howarth.mp@parliament.uk , House of Commons , London ,,,, SW1A 0AA
 Joanne , Kate , Swinson , jo.swinson.mp@parliament.uk , House of Commons , London ,,,, SW1A 0AA
 Luciana , Clare , Goldsmith (Berger) , luciana.berger.mp@parliament.uk , House of Commons , London ,,,, SW1A 0AA
 Christopher , Michael , Leslie , chris.leslie@parliament.uk , House of Commons , London ,,,, SW1A 0AA
 Alexander ,, Cunningham , alex.cunningham.mp@parliament.uk , House of Commons , London ,,,, SW1A 0AA
 Sharon ,, Hodgson , sharon.hodgson.mp@parliament.uk , House of Commons , London ,,,, SW1A 0AA
 Rosena , Chantelle , Allin-Khan , rosena.allinkhan.mp@parliament.uk , House of Commons , London ,,,, SW1A 0AA
 Jeremy , John Elton , Lefroy , jeremy.lefroy.mp@parliament.uk , House of Commons ,,,,, SW1A 0AA
 Shailesh , Lakhman , Vara , shailesh.vara.mp@parliament.uk , House of Commons , London ,,,, SW1A 0AA
 Kwasi , Alfred Addo , Kwarteng , kwasi.kwarteng.mp@parliament.uk , House of Commons , London ,,,, SW1A 0AA
 Robert , James , Buckland , robert.buckland.mp@parliament.uk , House of Commons , London ,,,, SW1A 0AA
 Stephen , Nathan , Kinnock , stephen.kinnock.mp@parliament.uk , London ,,,,, SW1A 0AA
 Gavin , James , Robinson , gavin.robinson.mp@parliament.uk , House of Commons , London ,,,, SW1A 0AA
 Peter ,, Grant , peter.grant.mp@parliament.uk , House of Commons , London ,,,, SW1A 0AA
 John , Alan , Redwood , john.redwood.mp@parliament.uk , House of Commons , London ,,,, SW1A 0AA
 Edward , Glyn , Davies , contact@glyn-davies.co.uk , House of Commons , London ,,,, SW1A 0AA
 Gerald ,, Jones , gerald.jones.mp@parliament.uk , House of Commons , London ,,,, SW1A 0AA
 Michael ,, Brady , mickey.brady.mp@parliament.uk , House of Commons , London ,,,, SW1A 0AA
 Gloria ,, De Piero , gloria.depiero.mp@parliament.uk , House of Commons , London ,,,, SW1A 0AA
 Anne-Marie , Belinda , Trevelyan , annemarie.trevelyan.mp@parliament.uk , House of Commons , London ,,,, SW1A 0AA
 Richard ,, Graham , richard.graham.mp@parliament.uk , House of Commons , London ,,,, SW1A 0AA
 Lindsay , Harvey , Hoyle , Lindsay.hoyle.mp@parliament.uk , House of Commons , London ,,,, SW1A 0AA
 Andrew , Theakstone , Percy , andrew.percy.mp@parliament.uk , House of Commons , London ,,,, SW1A 0AA
 Margaret , Mary , Beckett , margaret.beckett.mp@parliament.uk , House of Commons , London ,,,, SW1A 0AA
 Melvyn , John , Stride , mel.stride.mp@parliament.uk , House of Commons , London ,,,, SW1A 0AA
 Christopher , Stephen , Grayling , chris.grayling.mp@parliament.uk , House of Commons , London ,,,, SW1A 0AA
 Martin , John , Vickers , martin.vickers.mp@parliament.uk , House of Commons , London ,,,, SW1A 0AA
 Michael , Mark , Prisk , natalie.bithell@parliament.uk , House of Commons , London ,,,, SW1A 0AA
 Cheryl , Elise Kendall , Gillan , cheryl.gillan.mp@parliament.uk , House of Commons , London ,,,, SW1A 0AA
 Julie , Elizabeth , Cooper , julie.cooper.mp@parliament.uk , House of Commons , London ,,,, SW1A 0AA
 Alok , Kumar , Sharma , alok.sharma.mp@parliament.uk , House of Commons , London ,,,, SW1A 0AA
 Kevin , John , Barron , barronk@parliament.uk , House of Commons , London ,,,, SW1A 0AA
 Karl ,, Turner , karl.turner.mp@parliament.uk , House of Commons , London ,,,, SW1A 0AA
 Sarah , Deborah , Champion , sarah.champion.mp@parliament.uk , House of Commons , London ,,,, SW1A 0AA
 Victoria ,, Foxcroft , vicky.foxcroft.mp@parliament.uk , House of Commons , London ,,,, SW1A 0AA
 Mark , Steven , Spencer , mark.spencer.mp@parliament.uk , House of Commons , London ,,,, SW1A 0AA
 Ranil , Malcolm , Jayawardena , Ranil@TellRanil.com , House of Commons , London ,,,, SW1A 0AA
 Laurence , Anthony , Robertson , robertsonl@parliament.uk , House of Commons , London ,,,, SW1A 0AA
 Margaret , Ann , Throup , maggie.throup.mp@parliament.uk , House of Commons , London ,,,, SW1A 0AA
 Margot , Cathleen , James , margot.james.mp@parliament.uk , House of Commons , London ,,,, SW1A 0AA
 Nicholas ,, Soames , nicholas.soames.mp@parliament.uk , House of Commons , London ,,,, SW1A 0AA
 Chi , Susan , Onwurah , chi.onwurah.mp@parliament.uk , House of Commons , London ,,,, SW1A 0AA
 Christopher , Paul , Farrelly , paul.farrelly.mp@parliament.uk , House of Commons , London ,,,, SW1A 0AA
 Elizabeth , Mary , Truss , elizabeth.truss.mp@parliament.uk , House of Commons , London ,,,, SW1A 0AA
 David ,, Drew , david.drew.mp@parliament.uk , House of Commons , London ,,,, SW1A 0AA
 Ann ,, Coffey , ann.coffey.mp@parliament.uk , House of Commons , London ,,,, SW1A 0AA
 Priti , Sushil , Patel , withammp@parliament.uk , House of Commons , London ,,,, SW1A 0AA
 Catherine , Elizabeth , West , catherine.west.mp@parliament.uk , House of Commons , London ,,,, SW1A 0AA
 David , James , Duguid , david.duguid.mp@parliament.uk , House of Commons , London ,,,, SW1A 0AA
 Mary , Theresa , Glindon , mary.glindon.mp@parliament.uk , House of Commons , London ,,,, SW1A 0AA
 Gregory , Lloyd , Campbell , fieldingm@parliament.uk , House of Commons , London ,,,, SW1A 0AA
 John ,, McNally , john.mcnally.mp@parliament.uk , House of Commons , London ,,,, SW1A 0AA
 Francis , Joseph , Molloy ,, House of Commons , London ,,,, SW1A 0AA
 John ,, Healey , john.healey.mp@parliament.uk , House of Commons , London ,,,, SW1A 0AA
 David , Jonathan  , Edwards , jonathan.edwards.mp@parliament.uk , House of Commons , London ,,,, SW1A 0AA
 Peter ,, Wishart , wishartp@parliament.uk , House of Commons , London ,,,, SW1A 0AA
 Martyn ,, Day , martyn.day.mp@parliament.uk , House of Commons , London ,,,, SW1A 0AA
 Ian ,, Murray , ian.murray.mp@parliament.uk , House of Commons , London ,,,, SW1A 0AA
 Angela ,, Rayner , angela.rayner.mp@parliament.uk , House of Commons , London ,,,, SW1A 0AA
 Miriam , Jane Alice , Davies , mims.davies.mp@parliament.uk , House of Commons , London ,,,, SW1A 0AA
 Ivan ,, Lewis , lewisi@parliament.uk , House of Commons , London ,,,, SW1A 0AA
 Thomas , Christopher John , Pursglove , tom.pursglove.mp@parliament.uk , House of Commons , London ,,,, SW1A 0AA
 Margaret , Eve , Hodge , hodgem@parliament.uk , House of Commons , London ,,,, SW1A 0AA
 Darren , Paul , Jones , darren.jones.mp@parliament.uk , House of Commons , London ,,,, SW1A 0AA
 Melanie ,, Onn , melanie.onn.mp@parliament.uk , House of Commons , London ,,,, SW1A 0AA
 Michael , Robert , Hill , mike.hill.mp@parliament.uk , House of Commons , London ,,,, SW1A 0AA
 Clive , Stanley , Efford , effordc@parliament.uk , House of Commons , London ,,,, SW1A 0AA
 Rushanara ,, Ali , rushanara.ali.mp@parliament.uk , House of Commons , London ,,,, SW1A 0AA
 William , Peter , Wragg ,, House of Commons , London ,,,, SW1A 0AA
 Andrew , John , Stevenson , john.stevenson.mp@parliament.uk , House of Commons , London ,,,, SW1A 0AA
 Catherine , Malloy , Hollern , kate.hollern.mp@parliament.uk , House of Commons , London ,,,, SW1A 0AA
 David , Michael , Gauke , gauked@parliament.uk , House of Commons , London ,,,, SW1A 0AA
 Kirsty , Ann , Blackman , kirsty.blackman.mp@parliament.uk , House of Commons , London ,,,, SW1A 0AA
 Luke , Anthony , Hall , luke.hall.mp@parliament.uk , House of Commons , London ,,,, SW1A 0AA
 Desmond , Angus , Swayne , swayned@parliament.uk , House of Commons , London ,,,, SW1A 0AA
 John , Robert , Cryer , john.cryer.mp@parliament.uk , House of Commons , London ,,,, SW1A 0AA
 Richard ,, Burgon , richard@richardburgon.com , House of Commons , London ,,,, SW1A 0AA
 David , Henry , Rutley , david.rutley.mp@parliament.uk , House of Commons , London ,,,, SW1A 0AA
 Emma , Elizabeth , Reynolds , emma.reynolds.mp@parliament.uk , House of Commons , London ,,,, SW1A 0AA
 Robert , John , Blackman , bob.blackman.mp@parliament.uk , House of Commons , London ,,,, SW1A 0AA
 Caroline , Alice , Spelman ,, House of Commons , London ,,,, SW1A 0AA
 Mark , Phillip , Hendrick , mark.hendrick.mp@parliament.uk , House of Commons , London ,,,, SW1A 0AA
 Andrew , Edmund Armstrong , Selous , andrew.selous.mp@parliament.uk , House of Commons , London ,,,, SW1A 0AA
 Katherine , Anne , Green , kate.green.mp@parliament.uk , House of Commons , London ,,,, SW1A 0AA
 Stephen , James , Metcalfe , stephen.metcalfe.mp@parliament.uk , House of Commons , London ,,,, SW1A 0AA
 Peter , William , Bone , bonep@parliament.uk , House of Commons , London ,,,, SW1A 0AA
 Rishi ,, Sunak , rishi.sunak.mp@parliament.uk , House of Commons , London ,,,, SW1A 0AA
 Nicholas , Hugh , Brown , nickbrownmp@parliament.uk , House of Commons , London ,,,, SW1A 0AA
 Nicholas ,, Dakin , nic.dakin.mp@parliament.uk , House of Commons , London ,,,, SW1A 0AA
 Catherine ,, McKinnell , catherine.mckinnell.mp@parliament.uk , House of Commons , London ,,,, SW1A 0AA
 James , Roger , Cartlidge , james.cartlidge.mp@parliament.uk , House of Commons , London ,,,, SW1A 0AA
 Hannah , Mary , Bardell , hannah.bardell.mp@parliament.uk , House of Commons , London ,,,, SW1A 0AA
 Andrew ,, Bowie , andrew.bowie.mp@parliament.uk , House of Commons , London ,,,, SW1A 0AA
 Órfhlaith ,, Begley ,, House of Commons , London ,,,, SW1A 0AA
 Alister , William , Jack , alister.jack.mp@parliament.uk , House of Commons , London ,,,, SW1A 0AA
 Michael , Joseph Patrick , Kane , mike.kane.mp@parliament.uk , House of Commons , London ,,,, SW1A 0AA
 Wayne ,, David , davidw@parliament.uk , House of Commons , London ,,,, SW1A 0AA
 Gavin , Andrew Stuart , Newlands , gavin.newlands.mp@parliament.uk , House of Commons , London ,,,, SW1A 0AA
 Helen , Catherine , Goodman , goodmanh@parliament.uk , House of Commons , London ,,,, SW1A 0AA
 Khalid ,, Mahmood , mahmoodk@parliament.uk , House of Commons , London ,,,, SW1A 0AA
 Marsha , Chantol , De Cordova , marsha.decordova.mp@parliament.uk , House of Commons , London ,,,, SW1A 0AA
 Laura ,, Smith , laura.smith.mp@parliament.uk , House of Commons , London ,,,, SW1A 0AA
 Helen , Elizabeth , Hayes , helen.hayes.mp@parliament.uk , House of Commons , London ,,,, SW1A 0AA
 Margaret , Olivia , Hillier , meghilliermp@parliament.uk , House of Commons , London ,,,, SW1A 0AA
 Keith , Robert , Simpson , keith.simpson.mp@parliament.uk , House of Commons , London ,,,, SW1A 0AA
 Tulip , Rizwana , Siddiq , tulip.siddiq.mp@parliament.uk , House of Commons , London ,,,, SW1A 0AA
 Abimbola ,, Afolami , bim.afolami.mp@parliament.uk , House of Commons , London ,,,, SW1A 0AA
 Brett , Charles Anthony , Elphicke , charlie.elphicke.mp@parliament.uk , House of Commons , London ,,,, SW1A 0AA
 Barry , Strachan , Gardiner , gardinerb@parliament.uk , House of Commons , London ,,,, SW1A 0AA
 Gregory , William , Hands , handsg@parliament.uk , House of Commons , London ,,,, SW1A 0AA
 Christian , John Patrick , Matheson , chris.matheson.mp@parliament.uk , House of Commons , London ,,,, SW1A 0AA
 Laura ,, Pidcock , laura.pidcock.mp@parliament.uk , House of Commons , London ,,,, SW1A 0AA
 Gareth , Craig , Snell , gareth.snell.mp@parliament.uk , House of Commons , London ,,,, SW1A 0AA
 Caroline , Fiona Ellen , Nokes , caroline.nokes.mp@parliament.uk , House of Commons , London ,,,, SW1A 0AA
 Philip , Thomas , Hollobone , philip.hollobone.mp@parliament.uk , House of Commons , London ,,,, SW1A 0AA
 Rebecca ,, Long-Bailey , rebecca.longbailey.mp@parliament.uk , House of Commons , London ,,,, SW1A 0AA
 Rachel , Helen , Maclean , rachel.maclean.mp@parliament.uk , House of Commons , London ,,,, SW1A 0AA
 Louise ,, Haigh , louise.haigh.mp@parliament.uk , House of Commons , London ,,,, SW1A 0AA
 Thérèse , Anne , Coffey , therese.coffey.mp@parliament.uk , House of Commons , London ,,,, SW1A 0AA
 George , Michael Edward , Hollingbery , george.hollingbery.mp@parliament.uk , House of Commons , London ,,,, SW1A 0AA
 Clive , Anthony , Lewis , clive.lewis.mp@parliament.uk , House of Commons , London ,,,, SW1A 0AA
 Gavin ,, Shuker , gavin.shuker.mp@parliament.uk , House of Commons , London ,,,, SW1A 0AA
 Julian , Murray , Lewis ,, House of Commons , Westminster , London  ,,, SW1A 0AA
 Douglas ,, Chapman , douglas.chapman.mp@parliament.uk , House of Commons , London ,,,, SW1A 0AA
 Ronald , Jack , Cowan , ronnie.cowan.mp@parliament.uk , House of Commons , London ,,,, SW1A 0AA
 Gordon , Leonard , Henderson , gordon.henderson.mp@parliament.uk , House of Commons , London ,,,, SW1A 0AA
 Paul , Christopher , Blomfield , paul.blomfield.mp@parliament.uk , House of Commons , London ,,,, SW1A 0AA
 Ruth , Stephanie Nicole , George , ruth.george.mp@parliament.uk , House of Commons , London ,,,, SW1A 0AA
 Steven , John , Baker , steve.baker.mp@parliament.uk , House of Commons , London ,,,, SW1A 0AA
 Tanmanjeet , Singh , Dhesi , tan.dhesi.mp@parliament.uk , House of Commons , London ,,,, SW1A 0AA
 Layla , Michelle , Moran , layla.moran.mp@parliament.uk , House of Commons , London ,,,, SW1A 0AA
 Alan ,, Brown , alan.brown.mp@parliament.uk , House of Commons , London ,,,, SW1A 0AA
 Philippa ,, Whitford , philippa.whitford.mp@parliament.uk , House of Commons , London ,,,, SW1A 0AA
 Carol , Frances , Monaghan , carol.monaghan.mp@parliament.uk , House of Commons , London ,,,, SW1A 0AA
 Brendan ,, O'Hara , brendan.ohara.mp@parliament.uk , House of Commons , London ,,,, SW1A 0AA
 David , Thomas Charles , Davies , david.davies.mp@parliament.uk , House of Commons , London ,,,, SW1A 0AA
 Martin , David , Whitfield , martin.whitfield.mp@parliament.uk , House of Commons , London ,,,, SW1A 0AA
 Eleanor , Patricia , Smith , eleanor.smith.mp@parliament.uk , House of Commons , London ,,,, SW1A 0AA
 Daniel , Owen , Jarvis , dan.jarvis.mp@parliament.uk , House of Commons , London ,,,, SW1A 0AA
 Tracy , Lynn , Brabin , tracy.brabin.mp@parliament.uk , House of Commons , London ,,,, SW1A 0AA
 Thelma , Doris , Walker , thelma.walker.mp@parliament.uk , House of Commons , London ,,,, SW1A 0AA
 Christopher , Robert , Chope , chopec@parliament.uk , House of Commons , London ,,,, SW1A 0AA
 Amanda , Anne , Milling , amanda.milling.mp@parliament.uk , House of Commons , London ,,,, SW1A 0AA
 Kate , Ofunne , Osamor , kate.osamor.mp@parliament.uk , House of Commons , London ,,,, SW1A 0AA
 Edward , John Comport , Argar , edward.argar.mp@parliament.uk , House of Commons , London ,,,, SW1A 0AA
 Steven , Mark Ward , Reed , steve.reed.mp@parliament.uk , House of Commons , London ,,,, SW1A 0AA
 Barry , John , Sheerman , sheermanb@parliament.uk , House of Commons , London ,,,, SW1A 0AA
 Sue-Ellen , Cassiana , Braverman , suella.braverman.mp@parliament.uk , House of Commons , London ,,,, SW1A 0AA
 Harriet , Ruth , Harman , harriet.harman.mp@parliament.uk , House of Commons , London ,,,, SW1A 0AA
 Mohammad ,, Yasin , mohammad.yasin.mp@parliament.uk , House of Commons , London ,,,, SW1A 0AA
 Lloyd ,, Russell-Moyle , lloyd.russellmoyle.mp@parliament.uk , House of Commons , London ,,,, SW1A 0AA
 Paul , Daniel , Williams , paul.williams.mp@parliament.uk , House of Commons , London ,,,, SW1A 0AA
 Paul , Stuart , Scully , paul.scully.mp@parliament.uk , House of Commons , London ,,,, SW1A 0AA
 Lilian , Rachel , Greenwood , lilian.greenwood.mp@parliament.uk , House of Commons , London ,,,, SW1A 0AA
 John , Vincent , Cable , vince.cable.mp@parliament.uk , House of Commons , London ,,,, SW1A 0AA
 Lucy , Claire , Leigh (Frazer) , lucy.frazer.mp@parliament.uk , House of Commons , London ,,,, SW1A 0AA
 Christopher , James , Skidmore , chris.skidmore.mp@parliament.uk , House of Commons , London ,,,, SW1A 0AA
 Andrew , Hanson , Jones , andrew.jones.mp@parliament.uk , House of Commons , London ,,,, SW1A 0AA
 William , Roffen , Esterson , bill.esterson.mp@parliament.uk , House of Commons , London ,,,, SW1A 0AA
 John , Henry , Hayes , hayesj@parliament.uk , House of Commons , London ,,,, SW1A 0AA
 Iain , Aitken , Stewart , iain.stewart.mp@parliament.uk , House of Commons , London ,,,, SW1A 0AA
 Andrew , Richard , Rosindell , andrew.rosindell.mp@parliament.uk , House of Commons , London ,,,, SW1A 1AA
 Andrew , Joseph , McDonald , info@andymcdonaldmp.org , House of Commons , London ,,,, SW1A 0AA
 Fabian ,, Hamilton , fabian.hamilton.mp@parliament.uk , House of Commons , London ,,,, SW1A 0AA
 Emma , Louise , Lewell-Buck , emma.lewell-buck.mp@parliament.uk , House of Commons , London ,,,, SW1A 0AA
 Robert , Andrew Raymond , Syms , symsmp.office@parliament.uk , House of Commons , London ,,,, SW1A 0AA
 James , Philip , Duddridge , james@jamesduddridge.com , House of Commons , London ,,,, SW1A 0AA
 Mark , Andrew , Pritchard , pritchardm@parliament.uk , House of Commons , London ,,,, SW1A 0AA
 Justine ,, Greening , greeningj@parliament.uk , House of Commons , London ,,,, SW1A 0AA
 Elizabeth , Louise , Kendall , liz.kendall.mp@parliament.uk , House of Commons , London ,,,, SW1A 0AA
 Thomas ,, Sheppard , tommy.sheppard.mp@parliament.uk , House of Commons , London ,,,, SW1A 0AA
 Patrick , Bosco , McFadden , mcfaddenp@parliament.uk , House of Commons , London ,,,, SW1A 0AA
 Ian , Richard Kyle , Paisley , ian.paisley.mp@parliament.uk , House of Commons , London ,,,, SW1A 0AA
 Liz ,, Saville Roberts , liz.savilleroberts.mp@parliament.uk , House of Commons , London ,,,, SW1A 0AA
 Stuart , Campbell , McDonald , stuart.mcdonald.mp@parliament.uk , House of Commons , London ,,,, SW1A 0AA
 Danielle ,, Rowley , danielle.rowley.mp@parliament.uk , House of Commons , London ,,,, SW1A 0AA
 Thomas David ,, Simpson , simpsond@parliament.uk , House of Commons , London ,,,, SW1A 0AA
 Nicholas , Desmond John , Smith , nick.smith.mp@parliament.uk , House of Commons , London ,,,, SW1A 0AA
 Lesley , Margaret Langan , Laird , lesley.laird.mp@parliament.uk , House of Commons , London ,,,, SW1A 0AA
 John , Derek , Twigg , derek.twigg.mp@parliament.uk , House of Commons , London ,,,, SW1A 0AA
 Victoria , Mary Boswell , Prentis , victoria.prentis.mp@parliament.uk , House of Commons , London ,,,, SW1A 0AA
 Benjamin , Peter James , Bradshaw , bradshawb@parliament.uk , House of Commons , London ,,,, SW1A 0AA
 Ian , Richard Peregrine , Liddell-Grainger , ianlg@parliament.uk , House of Commons , London ,,,, SW1A 0AA
 Colleen , Margaret , Fletcher , colleen.fletcher.mp@parliament.uk , House of Commons , London ,,,, SW1A 0AA
 Elizabeth , Anne , McInnes ,, House of Commons , London ,,,, SW1A 0AA
 Maria ,, Eagle , eaglem@parliament.uk , House of Commons , London ,,,, SW1A 0AA
 Claire , Louise , Perry , claire.perry.mp@parliament.uk , House of Commons , London ,,,, SW1A 0AA
 David , Anthony , Evennett , david.evennett.mp@parliament.uk , House of Commons , London ,,,, SW1A 0AA
 Ruth , Margaret , Cadbury , ruthcadburymp@parliament.uk , House of Commons , London ,,,, SW1A 0AA
 Anna , Mary , Soubry , anna.soubry.mp@parliament.uk , House of Commons , London ,,,, SW1A 0AA
 Ronnie ,, Campbell , ronnie.campbell.mp@parliament.uk , House of Commons , London ,,,, SW1A 0AA
 Alec ,, Shelbrooke , alec.shelbrooke.mp@parliament.uk , House of Commons , London ,,,, SW1A 0AA
 Ian ,, Lavery , ian.lavery.mp@parliament.uk , House of Commons , London ,,,, SW1A 0AA
 Nadhim ,, Zahawi , nadhim.zahawi.mp@parliament.uk , House of Commons , London ,,,, SW1A 0AA
 Wesley , Paul William , Streeting , wes.streeting.mp@parliament.uk , House of Commons , London ,,,, SW1A 0AA
 Stephen , James , Morgan , stephen.morgan.mp@parliament.uk , House of Commons , London ,,,, SW1A 0AA
 John , Mark , Lancaster , officeofmarklancaster@parliament.uk , House of Commons , London ,,,, SW1A 0AA
 Alberto , Castrenze , Costa , alberto.costa.mp@parliament.uk , House of Commons , London ,,,, SW1A 0AA
 Mark , Julian Francis , Pawsey , mark.pawsey.mp@parliament.uk , House of Commons , London ,,,, SW1A 0AA
 Kevin , John , Foster , kevin.foster.mp@parliament.uk , House of Commons , London ,,,, SW1A 0AA
 Jeremy , Mark , Quin , jeremy.quin.mp@parliament.uk , House of Commons , London ,,,, SW1A 0AA
 Richard , Grosvenor , Plunkett-Ernle-Erle-Drax , richard.drax.mp@parliament.uk , House of Commons , London ,,,, SW1A 0AA
 David , Thomas , Morris , david.morris.mp@parliament.uk , House of Commons , London ,,,, SW1A 0AA
 Alan , Patrick Vincent , Whitehead , whiteheada@parliament.uk , House of Commons , London ,,,, SW1A 0AA
 Alexander , Paul , Beresford , annie.winsbury@parliament.uk , House of Commons , London ,,,, SW1A 0AA
 Anne , Margaret , Main , maina@parliament.uk , House of Commons , London ,,,, SW1A 0AA
 Adrian , Edward , Bailey , baileya@parliament.uk , House of Commons , London ,,,, SW1A 0AA
 Thomas , Georg John , Tugendhat , tom.tugendhat.mp@parliament.uk , House of Commons , London ,,,, SW1A 0AA
 Samuel ,, Wilson , barronj@parliament.uk , House of Commons , London ,,,, SW1A 0AA
 Michael , John , Gapes , mike.gapes.mp@parliament.uk , House of Commons , London ,,,, SW1A 0AA
 Nigel , Martin , Evans , evansn@parliament.uk , House of Commons , London ,,,, SW1A 0AA
 Craig , Paul , Tracey , craig.tracey.mp@parliament.uk , House of Commons , London ,,,, SW1A 0AA
 Matthew , Raymond , Western , matt.western.mp@parliament.uk , House of Commons , London ,,,, SW1A 0AA
 Stewart ,, McDonald , stewart.mcdonald.mp@parliament.uk , House of Commons , London ,,,, SW1A 0AA
 Marcus , John Hudson , Fysh , marcus.fysh.mp@parliament.uk , House of Commons , London ,,,, SW1A 0AA
 Patricia ,, Gibson , patricia.gibson.mp@parliament.uk , House of Commons , London ,,,, SW1A 0AA
 Lisa ,, Cameron , lisa.cameron.mp@parliament.uk , House of Commons , London ,,,, SW1A 0AA
 Stephen , Patrick , Gethins , stephen.gethins.mp@parliament.uk , House of Commons , London ,,,, SW1A 0AA
 Owen ,, Smith , Owen.Smith.MP@parliament.uk , House of Commons , London ,,,, SW1A 0AA
 Gregory ,, Knight , sothcottt@parliament.uk , House of Commons , London ,,,, SW1A 0AA
 Nick ,, Herbert , nick@nickherbert.com , House of Commons , London ,,,, SW1A 0AA
 Gareth ,, Thomas , thomasgr@parliament.uk , House of Commons , London ,,,, SW1A 0AA
 Roger , Duncan , Godsiff , godsiffr@parliament.uk , House of Commons , London ,,,, SW1A 0AA
 Guy , Thomas , Opperman , guy.opperman.mp@parliament.uk , House of Commons , London ,,,, SW1A 0AA
 Patrick , Allen , McLoughlin , patrick.mcloughlin.mp@parliament.uk , House of Commons , London ,,,, SW1A 0AA
 Maria , Frances Lewis , Miller , maria.miller.mp@parliament.uk , House of Commons , London ,,,, SW1A 0AA
 Rosalie ,, Winterton , rosie.winterton.mp@parliament.uk , House of Commons , London ,,,, SW1A 0AA
 Thangam , Elizabeth Rachel , Debbonaire , thangam.debbonaire.mp@parliament.uk , House of Commons , London ,,,, SW1A 0AA
 Stephen ,, Twigg , stephen.twigg.mp@parliament.uk , House of Commons , London ,,,, SW1A 0AA
 Maria , Colette , Caulfield , maria.caulfield.mp@parliament.uk , House of Commons , London ,,,, SW1A 0AA
 Michael , Alex , Burghart , alex.burghart.mp@parliament.uk , House of Commons , London ,,,, SW1A 0AA
 Philip , Martin , Dunne , philip.dunne.mp@parliament.uk , House of Commons , London ,,,, SW1A 0AA
 Chris , Ian Brian Mynott , Philp , chris.philp.mp@parliament.uk , House of Commons , London ,,,, SW1A 0AA
 George , William , Freeman , george.freeman.mp@parliament.uk , House of Commons , London ,,,, SW1A 0AA
 Rebecca  , Elizabeth Scott , Harris , rebecca.harris.mp@parliament.uk , House of Commons , London ,,,, SW1A 0AA
 Liam , Dominic , Byrne , byrnel@parliament.uk , House of Commons , London ,,,, SW1A 0AA
 Dominic , Rennie , Raab , dominic.raab.mp@parliament.uk , House of Commons , London ,,,, SW1A 0AA
 Brandon , Kenneth , Lewis , Helen.Hill@parliament.uk , House of Commons , London ,,,, SW1A 0AA
 Benjamin , David , Bradley , ben.bradley.mp@parliament.uk , House of Commons , London ,,,, SW1A 0AA
 Karen , Anne , Bradley , karen.bradley.mp@parliament.uk , House of Commons , London ,,,, SW1A 0AA
 Emma ,, Little Pengelly , emma.littlepengelly.mp@parliament.uk , House of Commons , London ,,,, SW1A 0AA
 Stella , Judith , Creasy , stella.creasy.mp@parliament.uk , House of Commons , London ,,,, SW1A 0AA
 James , Peter , Brokenshire , james.brokenshire.mp@parliament.uk , House of Commons , London ,,,, SW1A 0AA
 James ,, Fitzpatrick , jim.fitzpatrick.mp@parliament.uk , House of Commons , London ,,,, SW1A 0AA
 Royston , Matthew , Smith , royston.smith.mp@parliament.uk , House of Commons , London ,,,, SW1A 0AA
 Rachael ,, Maskell , rachael.maskell.mp@parliament.uk , House of Commons , London ,,,, SW1A 0AA
 Alan , James Carter , Duncan , alan.duncan.mp@parliament.uk , House of Commons , London ,,,, SW1A 0AA
 Anna , Catherine , Turley , anna.turley.mp@parliament.uk , House of Commons , London ,,,, SW1A 0AA
 Sarah , Louise , Newton , sarah.newton.mp@parliament.uk , House of Commons , London ,,,, SW1A 0AA
 Henry , Campbell , Bellingham , bellinghamh@parliament.uk , House of Commons , London ,,,, SW1A 0AA
 Stewart ,, Hosie , hosies@parliament.uk , House of Commons , London ,,,, SW1A 0AA
 Kevin , Denis , Brennan , brennank@parliament.uk , House of Commons , London ,,,, SW1A 0AA
 Carolyn ,, Harris , carolyn.harris.mp@parliament.uk , House of Commons , London ,,,, SW1A 0AA
 David , Lindon , Lammy , lammyd@parliament.uk , House of Commons , London ,,,, SW1A 0AA
 Michael ,, Fallon , michael.fallon.mp@parliament.uk , House of Commons , London ,,,, SW1A 0AA
 Jonathan , George Caladine , Lord , jonathan.lord.mp@parliament.uk , House of Commons , London ,,,, SW1A 0AA
 Chuka , Harrison , Umunna , chuka.umunna.mp@parliament.uk , House of Commons , London ,,,, SW1A 0AA
 Jacqueline ,, Doyle-Price , jackie.doyleprice.mp@parliament.uk , House of Commons , London ,,,, SW1A 0AA
 Geraint ,, Davies , geraint.davies.mp@parliament.uk , House of Commons , London ,,,, SW1A 0AA
 Deidre , Leanne , Brock , deidre.brock.mp@parliament.uk , House of Commons , London ,,,, SW1A 0AA
 Christopher , Shaun , Ruane , chris.ruane.mp@parliament.uk , House of Commons , London ,,,, SW1A 0AA
 John , Martin , McDonnell , mcdonnellj@parliament.uk , House of Commons , London ,,,, SW1A 0AA
 Tracey , Elizabeth Anne , Crouch , tracey.crouch.mp@parliament.uk , House of Commons , London ,,,, SW1A 0AA
 Samuel , Phillip , Gyimah , sam@samgyimah.com , House of Commons , London ,,,, SW1A 0AA
 Karen , Elizabeth , Lee , karen.lee.mp@parliament.uk , House of Commons , London ,,,, SW1A 0AA
 Janet , Jessica , Daby , janet.daby.mp@parliament.uk , House of Commons , London ,,,, SW1A 0AA
 Nicolas , John , Gibb , gibbn@parliament.uk , House of Commons , London ,,,, SW1A 0AA
 Michael , Whitney , Freer , mike.freer.mp@parliament.uk , House of Commons , London ,,,, SW1A 0AA
 Peter , John , Kyle , peter.kyle.mp@parliament.uk , House of Commons , London ,,,, SW1A 0AA
 Paula , Michelle , Sherriff , paula.sherriff.mp@parliament.uk , House of Commons , London ,,,, SW1A 0AA
 Caroline , Julia , Dinenage , caroline.dinenage.mp@parliament.uk , House of Commons , London ,,,, SW1A 0AA
 Jeremy , Paul , Wright , Jeremy.wright.mp@parliament.uk , House of Commons , London ,,,, SW1A 0AA
 Imran ,, Hussain , imran.hussain.mp@parliament.uk , House of Commons , London ,,,, SW1A 0AA
 Caroline , Louise , Flint , caroline.flint.mp@parliament.uk , House of Commons , London ,,,, SW1A 0AA
 Tobias , Martin , Ellwood , tobias.ellwood.mp@parliament.uk , House of Commons , London ,,,, SW1A 0AA
 Johanna , Peta , Churchill , jo.churchill.mp@parliament.uk , House of Commons , London ,,,, SW1A 0AA
 Neil ,, Coyle , neil.coyle.mp@parliament.uk , House of Commons , London ,,,, SW1A 0AA
 George , Iain , Duncan Smith , Iain.duncansmith.mp@parliament.uk , House of Commons , London ,,,, SW1A 0AA
 Edward , Henry Butler , Vaizey , vaizeye@parliament.uk , House of Commons , London ,,,, SW1A 0AA
 Mark , Richard , Tami , tamim@parliament.uk , House of Commons , London ,,,, SW1A 0AA
 Christine , Anne , Jardine , christine.jardine.mp@parliament.uk , House of Commons , London ,,,, SW1A 0AA
 Michael , Andrew , Gove , michael.gove.mp@parliament.uk , House of Commons , London ,,,, SW1A 0AA
 Richard , Henry Ronald , Benyon , benyonr@parliament.uk , House of Commons , London ,,,, SW1A 0AA
 David , Gordon , Mundell , david.mundell.mp@parliament.uk , House of Commons , London ,,,, SW1A 0AA
 Mohammed , Afzal , Khan , afzal.khan.mp@parliament.uk , House of Commons , London ,,,, SW1A 0AA
 Lucy ,, Allan , lucy.allan.mp@parliament.uk , House of Commons , London ,,,, SW1A 0AA
 Craig ,, Mackinlay , craig.mackinlay.mp@parliament.uk , House of Commons , London ,,,, SW1A 0AA
 James , Jacob Gilchrist , Berry , jake.berry.mp@parliament.uk , House of Commons , London ,,,, SW1A 0AA
 Stephen , Anthony , McPartland , stephen.mcpartland.mp@parliament.uk , House of Commons , London ,,,, SW1A 0AA
 Michael , Louis David , Fabricant ,, House of Commons , London ,,,, SW1A 0AA
 Richard , James , Shannon , jim.shannon.mp@parliament.uk , House of Commons , London ,,,, SW1A 0AA
 Stephen , William , Hammond , stephen.hammond.mp@parliament.uk , House of Commons , London ,,,, SW1A 0AA
 Siobhain , Ann , McDonagh , mcdonaghs@parliament.uk , House of Commons , London ,,,, SW1A 0AA
 Sarah ,, James (Wollaston) , sarah.wollaston.mp@parliament.uk , House of Commons , London ,,,, SW1A 0AA
 Penelope , Mary , Mordaunt , penny.mordaunt.mp@parliament.uk , House of Commons ,,,,,
 Simon , James , Hoare , simon.hoare.mp@parliament.uk , House of Commons , London ,,,, SW1A 0AA
 Conor , Patrick , McGinn , conor.mcginn.mp@parliament.uk , House of Commons , London ,,,, SW1A 0AA
 Philip , Andrew , Davies , daviesp@parliament.uk , House of Commons , London ,,,, SW1A 0AA
 Drew ,, Hendry , drew.hendry.mp@parliament.uk , House of Commons , London ,,,, SW1A 0AA
 Neil ,, Gray , neil.gray.mp@parliament.uk , House of Commons , London ,,,, SW1A 0AA
 Stephen ,, Crabb , stephen.crabb.mp@parliament.uk , House of Commons , London ,,,, SW1A 0AA
 John , Charles , Baron , baronj@parliament.uk , House of Commons , London ,,,, SW1A 0AA
 Richard , Haines , Burden , richard.burden.mp@parliament.uk , House of Commons , London ,,,, SW1A 0AA
 John , Zak , Woodcock , john.woodcock.mp@parliament.uk , House of Commons , London ,,,, SW1A 0AA
 Thomas , Anthony , Brake , info@tombrake.co.uk , House of Commons , London ,,,, SW1A 0AA
 Mary , Josephine , Robinson , mary.robinson.mp@parliament.uk , House of Commons , London ,,,, SW1A 0AA
 Trudy , Lynne , Harrison , trudy.harrison.mp@parliament.uk , House of Commons , London ,,,, SW1A 0AA
 Grahame , Mark , Morris , grahame.morris.mp@parliament.uk , House of Commons , London ,,,, SW1A 0AA
 Vernon ,, Coaker , vernon.coaker.mp@parliament.uk , House of Commons , London ,,,, SW1A 0AA
 Alan ,, Mak , alan.mak.mp@parliament.uk , House of Commons , London ,,,, SW1A 0AA
 Damian , Noel Thomas , Collins , damian.collins.mp@parliament.uk , House of Commons , London ,,,, SW1A 0AA
 Robert , James MacGillivray , Neill , bob.neill.mp@parliament.uk , House of Commons , London ,,,, SW1A 0AA
 Eleanor , Fulton , Laing , eleanor.laing.mp@parliament.uk , House of Commons , London ,,,, SW1A 0AA
 Paul , Christopher , Maynard , paul.maynard.mp@parliament.uk , House of Commons , London ,,,, SW1A 0AA
 Sheryll ,, Murray , sheryll.murray.mp@parliament.uk , House of Commons , London ,,,, SW1A 0AA
 Jonathan , Neil , Reynolds , jonathan.reynolds.mp@parliament.uk , House of Commons , London ,,,, SW1A 0AA
 Julian , Carlton , Knight , julian.knight.mp@parliament.uk , House of Commons , London ,,,, SW1A 0AA
 Mary , Helen , Creagh , creaghm@parliament.uk , House of Commons , London ,,,, SW1A 0AA
 Stephen , Charles , Brine , steve.brine.mp@parliament.uk , House of Commons , London ,,,, SW1A 0AA
 Jeremy , Richard Streynsham , Hunt , huntj@parliament.uk , House of Commons , London ,,,, SW1A 0AA
 Michael , Tyrone , Ellis , michael.ellis.mp@parliament.uk , House of Commons , London ,,,, SW1A 0AA
 Valerie , Carol Marian , Vaz , valerie.vaz.mp@parliament.uk , House of Commons , London ,,,, SW1A 0AA
 Alexander , David , Sobel , alex.sobel.mp@parliament.uk , House of Commons , London ,,,, SW1A 0AA
 Emma , Ann , Hardy , emma.hardy.mp@parliament.uk , House of Commons , London ,,,, SW1A 0AA
 Nicholas , Richard , Hurd , nick.hurd.mp@parliament.uk , House of Commons , London ,,,, SW1A 0AA
 Angela , Christine , Smith , officeofangelasmithmp@parliament.uk , House of Commons , London ,,,, SW1A 0AA
 Matthew , John David , Hancock , matt.hancock.mp@parliament.uk , House of Commons , London ,,,, SW1A 0AA
 Joseph , Edmund , Johnson , jo.johnson.mp@parliament.uk , House of Commons , London ,,,, SW1A 0AA
 Justin , Paul , Tomlinson , justin.tomlinson.mp@parliament.uk , House of Commons , London ,,,, SW1A 0AA
 Derek ,, Thomas , derek.thomas.mp@parliament.uk , House of Commons , London ,,,, SW1A 0AA
 Kelvin , Peter , Hopkins , hopkinsk@parliament.uk , House of Commons , London ,,,, SW1A 0AA
 Victoria ,, Atkins , Victoria@victoriaatkins.org.uk  , House of Commons , London ,,,, SW1A 0AA
 Emily ,, Thornberry , thornberrye@parliament.uk , House of Commons , London ,,,, SW1A 0AA
 Oliver , James , Dowden , oliver.dowden.mp@parliament.uk , House of Commons , London ,,,, SW1A 0AA
 Joanna , Catherine , Cherry , joanna.cherry.mp@parliament.uk , House of Commons , London ,,,, SW1A 0AA
 Alexander , Morrison , Carmichael , carmichaela@parliament.uk , House of Commons , London ,,,, SW1A 0AA
 Antonia , Louise , Antoniazzi , tonia.antoniazzi.mp@parliament.uk , House of Commons , London ,,,, SW1A 0AA
 Martin , John , Docherty-Hughes , martin.docherty.mp@parliament.uk , House of Commons , London ,,,, SW1A 0AA
 Colin , James , Clark , colin.clark.mp@parliament.uk , House of Commons , London ,,,, SW1A 0AA
 Simon , Anthony , Hart , simon.hart.mp@parliament.uk , House of Commons , London ,,,, SW1A 0AA
 John ,, Lamont , john.lamont.mp@parliament.uk , House of Commons , London ,,,, SW1A 0AA
 Paul ,, Masterton , paul.masterton.mp@parliament.uk , House of Commons , London ,,,, SW1A 0AA
 Michelle , Emma May Elizabeth , Donelan , michelle.donelan.mp@parliament.uk , House of Commons , London ,,,, SW1A 0AA
 Sarah , Ann , Jones , sarah.jones.mp@parliament.uk , House of Commons , London ,,,, SW1A 0AA
 Holly , Jamie , Walker-Lynch , holly.lynch.mp@parliament.uk , House of Commons , London ,,,, SW1A 0AA
 Andrew , Francis , Slaughter , slaughtera@parliament.uk , House of Commons , London ,,,, SW1A 0AA
 Mark , Andrew , Menzies , mark.menzies.mp@parliament.uk , House of Commons , London ,,,, SW1A 0AA
 Graham , Eric , Stringer , graham.stringer.mp@parliament.uk , House of Commons , London ,,,, SW1A 0AA
 Julia , Louise , Lopez , julia.lopez.mp@parliament.uk , House of Commons ,,,,, SW1A 0AA
 Theresa , Anne , Villiers ,, House of Commons , London ,,,, SW1A 0AA
 Jonathan ,, Cruddas , cruddasj@parliament.uk , House of Commons , London ,,,, SW1A 0AA
 Catherine , Jane , Smith , cat.smith.mp@parliament.uk , House of Commons , London ,,,, SW1A 0AA
 Daniel ,, Zeichner , daniel@danielzeichner.co.uk , House of Commons , London ,,,, SW1A 0AA
 Shabana ,, Mahmood , shabana.mahmood.mp@parliament.uk , House of Commons , London ,,,, SW1A 0AA
 Jonathan , Michael Graham , Ashworth , jon.ashworth.mp@parliament.uk , House of Commons , London ,,,, SW1A 0AA
 Jeremy , Bernard , Corbyn , leader@labour.org.uk , House of Commons , London ,,,, SW1A 0AA
 Mary , Elizabeth , Twist , liz.twist.mp@parliament.uk , House of Commons , London ,,,, SW1A 0AA
 Emma ,, Dent Coad , emma.dentcoad.mp@parliament.uk , House of Commons , London ,,,, SW1A 0AA
 Stephen , Anthony Christopher , Lloyd , stephen.lloyd.mp@parliament.uk , House of Commons , London ,,,, SW1A 0AA
 Nicholas , Edward Coleridge , Boles , nick.boles.mp@parliament.uk , House of Commons , London ,,,, SW1A 0AA
 Alexander , Boris de Pfeffel , Johnson , boris.johnson.mp@parliament.uk , House of Commons , London ,,,, SW1A 0AA
 Norman , Peter , Lamb , norman.lamb.mp@parliament.uk , House of Commons , London ,,,, SW1A 0AA
 Andrew , James , Bridgen , andrew.bridgen.mp@parliament.uk , House of Commons , London ,,,, SW1A 0AA
 David , Ian , Jones , laura.bradley@parliament.uk , House of Commons , London ,,,, SW1A 0AA
 Mathew , Richard Allen , Rodda , matt.rodda.mp@parliament.uk , House of Commons , London ,,,, SW1A 0AA
 Marcus , Charles , Jones , marcus.jones.mp@parliament.uk , House of Commons , London ,,,, SW1A 0AA
 William , Paul , Girvan , paul.girvan.mp@parliament.uk , House of Commons , London ,,,, SW1A 0AA
 Julian , Charles , Sturdy , julian.sturdy.mp@parliament.uk , House of Commons , London ,,,, SW1A 0AA
 Julie  ,, Elliott , julie.elliott.mp@parliament.uk , House of Commons , London ,,,, SW1A 0AA
 Peter , James , Bottomley , bottomleyp@parliament.uk , House of Commons , London ,,,, SW1A 0AA
 James , Stephen , Heappey , james.heappey.mp@parliament.uk , House of Commons , London ,,,, SW1A 0AA
 Gary , Nicholas , Streeter , deans@parliament.uk , House of Commons , London ,,,, SW1A 0AA
 Philip ,, Hammond , philip.hammond.mp@parliament.uk , House of Commons , London ,,,, SW1A 0AA
 Paul , John , Sweeney , paul.sweeney.mp@parliament.uk , House of Commons , London ,,,, SW1A 0AA
 Douglas ,, Ross , douglas.ross.mp@parliament.uk , House of Commons , London ,,,, SW1A 0AA
 Caroline , Elizabeth , Johnson , caroline.johnson.mp@parliament.uk , House of Commons , London ,,,, SW1A 0AA
 David , George , Hanson , david.hanson.mp@parliament.uk , House of Commons , London ,,,, SW1A 0AA
 Lyn , Carol , Brown , brownl@parliament.uk , House of Commons , London ,,,, SW1A 0AA
 John , David , Penrose , beauperec@parliament.uk , House of Commons , London ,,,, SW1A 0AA
 Seema , Louise Ghiassi , Kennedy , seema.kennedy.mp@parliament.uk , House of Commons , London ,,,, SW1A 0AA
 Anna , Rhiannon , McMorrin , anna.mcmorrin.mp@parliament.uk , House of Commons , London ,,,, SW1A 0AA
 Madeleine ,, Moon , moonm@parliament.uk , House of Commons , London ,,,, SW1A 0AA
 Rachel , Jane , Reeves , rachel.reeves.mp@parliament.uk , House of Commons , London ,,,, SW1A 0AA
 Charalambos ,, Charalambous , bambos.charalambous.mp@parliament.uk , House of Commons , London ,,,, SW1A 0AA
 Bridget , Maeve , Phillipson , bridget.phillipson.mp@parliament.uk , House of Commons ,,,,, SW1A 0AA
 Yvette ,, Cooper , coopery@parliament.uk , House of Commons , London ,,,, SW1A 0AA
 Stephen , James , McCabe , mccabes@parliament.uk , House of Commons , London ,,,, SW1A 0AA
 Kerry , Gillian , McCarthy , kerry.mccarthy.mp@parliament.uk , House of Commons , London ,,,, SW1A 0AA
 Graham , Stuart , Brady , altsale@parliament.uk , House of Commons , London ,,,, SW1A 0AA
 Craig ,, Whittaker , craig.whittaker.mp@parliament.uk , House of Commons , London ,,,, SW1A 0AA
 Giacomo ,, Lopresti , jack.lopresti.mp@parliament.uk , House of Commons , London ,,,, SW1A 0AA
 Daniel , Joseph , Carden , dan.carden.mp@parliament.uk , House of Commons , London ,,,, SW1A 0AA
 David , Anthony , Crausby , crausbyd@parliament.uk , House of Commons , London ,,,, SW1A 0AA
 Matthew , Robert , Warman , matt.warman.mp@parliament.uk , House of Commons , London ,,,, SW1A 0AA
 Hugo , George William , Swire , hugo.swire.mp@parliament.uk , House of Commons , London ,,,, SW1A 0AA
 Damian , Patrick George , Hinds , damian.hinds.mp@parliament.uk , House of Commons , London ,,,, SW1A 0AA
 Diane , Julie , Abbott , diane.abbott.office@parliament.uk , House of Commons , London ,,,, SW1A 0AA
 William , James , Quince , will.quince.mp@parliament.uk , House of Commons , London ,,,, SW1A 0AA
 Robert , Edward , Jenrick , robert.jenrick.mp@parliament.uk , House of Commons , London ,,,, SW1A 0AA
 Virendra , Kumar , Sharma , sharmav@parliament.uk , House of Commons , London ,,,, SW1A 0AA
 Christopher , John , Pincher , christopher.pincher.mp@parliament.uk , House of Commons , London ,,,, SW1A 0AA
 Christopher , John , Hazzard , chris.hazzard.mp@parliament.uk , House of Commons , London ,,,, SW1A 0AA
 Robert , Alexander , Courts , robert.courts.mp@parliament.uk , House of Commons , London ,,,, SW1A 0AA
 Marion ,, Fellows , marion.fellows.mp@parliament.uk , House of Commons , London ,,,, SW1A 0AA
 Nigel , Alexander , Dodds , doddsn@parliament.uk , House of Commons , London ,,,, SW1A 0AA
 Robert , Ben Lobban , Wallace , wallaceb@parliament.uk , House of Commons , London ,,,, SW1A 0AA
 Crispin , Jeremy Rupert , Blunt , crispinbluntmp@parliament.uk , House of Commons , London ,,,, SW1A 0AA
 Roderick , James Nugent , Stewart , rory.stewart.mp@parliament.uk , House of Commons , London ,,,, SW1A 0AA
 Scott , Leslie , Mann , scott.mann.mp@parliament.uk , House of Commons , London ,,,, SW1A 0AA
 Christopher , Paul , Davies , chris.davies.mp@parliament.uk , House of Commons , London ,,,, SW1A 0AA
 James , Whiteside , Gray , jamesgraymp@parliament.uk , House of Commons , London ,,,, SW1A 0AA
 Kenneth , Harry , Clarke , clarkek@parliament.uk; suggd@parliament.uk  , House of Commons , London ,,,, SW1A 0AA
 Anneliese , Jane , Dodds , anneliese.dodds.mp@parliament.uk , House of Commons , London ,,,, SW1A 0AA
 Heather , Kay , Wheeler , heather.wheeler.mp@parliament.uk , House of Commons , London ,,,, SW1A 0AA
 Nigel ,, Adams , nigel.adams.mp@parliament.uk , House of Commons , London ,,,, SW1A 0AA
 Jamie ,, Stone , jamie.stone.mp@parliament.uk , House of Commons , London ,,,, SW1A 0AA
 Hywel ,, Williams , hywel.williams.mp@parliament.uk , House of Commons , London ,,,, SW1A 0AA
 Sylvia , Eileen , Hermon , sylvia.hermon.mp@parliament.uk , House of Commons , London ,,,, SW1A 0AA
 Andrew , Iain , Lewer , andrew.lewer.mp@parliament.uk , House of Commons , London ,,,, SW1A 0AA
 Stephen , Daniel , Double , steve.double.mp@parliament.uk , House of Commons , London ,,,, SW1A 0AA
 Fiona , Claire , Bruce , fiona.bruce.mp@parliament.uk , House of Commons , London ,,,, SW1A 0AA
 Helen , Olivia Bicknell , Whately , helen.whately.mp@parliament.uk , House of Commons , London ,,,, SW1A 0AA
 Antoinette , Geraldine , Sherratt (Sandbach) , antoinette.sandbach.mp@parliament.uk , House of Commons , London ,,,, SW1A 0AA
 Matthew , Toby , Perkins , toby.perkins.mp@parliament.uk , House of Commons , London ,,,, SW1A 0AA
 Christopher ,, Williamson , chris.williamson.mp@parliament.uk , House of Commons , London ,,,, SW1A 0AA
 Jessica , Elizabeth , Morden , mordenj@parliament.uk , House of Commons , London ,,,, SW1A 0AA
 Ben , Morgan , Lake , ben.lake.mp@parliament.uk , House of Commons , London ,,,, SW1A 0AA
 Michael ,, Penning , penningm@parliament.uk , House of Commons , London ,,,, SW1A 0AA
 Luke , Patrick , Graham , luke.graham.mp@parliament.uk , House of Commons , London ,,,, SW1A 0AA
 Diana , Ruth , Johnson , johnsond@parliament.uk , House of Commons , London ,,,, SW1A 0AA
 Keir ,, Starmer , keir.starmer.mp@parliament.uk , House of Commons , London ,,,, SW1A 0AA
 Michelle ,, Gildernew , michelle.gildernew.mp@parliament.uk , House of Commons , London ,,,, SW1A 0AA
 David , Michael , Davis , david.davis.mp@parliament.uk , House of Commons , London ,,,, SW1A 0AA
 Justin , Piers Richard , Madders , justin.madders.mp@parliament.uk , House of Commons , London ,,,, SW1A 0AA
 Peter , James Guy , Aldous , peter.aldous.mp@parliament.uk , House of Commons , London ,,,, SW1A 0AA
 Ruth , Lauren , Smeeth , ruth.smeeth.mp@parliament.uk , House of Commons , London ,,,, SW1A 0AA
 Jack , Edgar , Brereton , jack.brereton.mp@parliament.uk , House of Commons , London ,,,, SW1A 0AA
 Wera , Benedicta , Hobhouse , office@werahobhouse.co.uk , House of Commons , London ,,,, SW1A 0AA
 Daniel , Leonard James , Poulter , daniel.poulter.mp@parliament.uk , House of Commons , London ,,,, SW1A 0AA
 Eleanor , Claire , Reeves , ellie.reeves.mp@parliament.uk , House of Commons , London ,,,, SW1A 0AA
 Peter ,, Heaton-Jones , peter.heatonjones.mp@parliament.uk , House of Commons , London ,,,, SW1A 0AA
 Fiona , Oluyinka , Onasanya , fiona.onasanya.mp@parliament.uk , House of Commons , London ,,,, SW1A 0AA
 Grant ,, Shapps , shappsg@parliament.uk , House of Commons , London ,,,, SW1A 0AA
 Joanna , Meriel , Stevens , jo.stevens.mp@parliament.uk , House of Commons , London ,,,, SW1A 0AA
 Dennis , Edward , Skinner , skinnerd@parliament.uk , House of Commons , London ,,,, SW1A 0AA
 Phillip , James , Lee , phillip.lee.mp@parliament.uk , House of Commons , London ,,,, SW1A 0AA
 Deborah , Angela Elspeth Marie , Abrahams , abrahamsd@parliament.uk , House of Commons , London ,,,, SW1A 0AA
 Heidi-Suzanne ,, Allen , heidi.allen.mp@parliament.uk , House of Commons , London ,,,, SW1A 0AA
 Preet , Kaur , Gill , preet.gill.mp@parliament.uk , House of Commons , London ,,,, SW1A 0AA
 Jeffrey ,, Smith , jeff.smith.mp@parliament.uk , House of Commons , London ,,,, SW1A 0AA
 Karen , Patricia , Buck , buckk@parliament.uk , House of Commons , London ,,,, SW1A 0AA
 Mark , Gino , Francois , mark.francois.mp@parliament.uk , House of Commons , London ,,,, SW1A 0AA
 Chloe , Rebecca , Smith ,, House of Commons , London ,,,, SW1A 0AA
 Christopher , Philip James , Elmore , Chris.Elmore.mp@parliament.uk , House of Commons , London ,,,, SW1A 0AA
 Lisa , Eva , Nandy , lisa.nandy.mp@parliament.uk , House of Commons , London ,,,, SW1A 0AA
 Stephen , Charles , Kerr , stephen.kerr.mp@parliament.uk , House of Commons , London ,,,, SW1A 0AA
 Angela ,, Crawley , angela.crawley.mp@parliament.uk , House of Commons , London ,,,, SW1A 0AA
 Theresa , Mary , May , mayt@parliament.uk , House of Commons , London ,,,, SW1A 0AA
 Nia , Rhiannon , Griffith , nia.griffith.mp@parliament.uk , House of Commons , London ,,,, SW1A 0AA
 Geoffrey , Robert , Clifton-Brown , cliftonbrowng@parliament.uk , House of Commons , London ,,,, SW1A 0AA
 Roger , James , Gale , galerj@parliament.uk , House of Commons , London ,,,, SW1A 0AA
 Ian ,, Blackford , ian.blackford.mp@parliament.uk , House of Commons , London ,,,, SW1A 0AA
 Christina , Elizabeth , Rees , christina.rees.mp@parliament.uk , House of Commons , London ,,,, SW1A 0AA
 Nigel , Paul , Huddleston , nigel.huddleston.mp@parliament.uk , House of Commons , London ,,,, SW1A 0AA
 Gillian ,, Keegan , gillian.keegan.mp@parliament.uk , House of Commons , London ,,,, SW1A 0AA
 Mark , Christopher , Field , fieldm@parliament.uk , House of Commons , London ,,,, SW1A 0AA
 Graham , Peter , Jones , graham.jones.mp@parliament.uk , House of Commons , London ,,,, SW1A 0AA
 Giles , Francis , Watling , giles.watling.mp@parliament.uk , House of Commons , London ,,,, SW1A 0AA
 Peter , Christopher , Dowd , peter.dowd.mp@parliament.uk , House of Commons , London ,,,, SW1A 0AA
 David , Arthur Stephen , Tredinnick , tredinnickd@parliament.uk , House of Commons , London ,,,, SW1A 0AA
 Stephanie , Louise , Peacock , stephanie.peacock.mp@parliament.uk , House of Commons , London ,,,, SW1A 0AA
 Helen ,, Grant , helen.grant.mp@parliament.uk , House of Commons , London ,,,, SW1A 0AA
 Alexander ,, Chalk , alex.chalk.mp@parliament.uk , House of Commons , London ,,,, SW1A 0AA
 Matthew , James , Offord , matthew.offord.mp@parliament.uk , House of Commons , London ,,,, SW1A 0AA
 Sajid ,, Javid , sajid.javid.mp@parliament.uk , House of Commons , London ,,,, SW1A 0AA
 Jon , Hedley , Trickett , trickettj@parliament.uk , House of Commons , London ,,,, SW1A 0AA
 John ,, Mann , john.mann.mp@parliament.uk , House of Commons , London ,,,, SW1A 0AA
 Seema ,, Malhotra-Saluja , seema.malhotra.mp@parliament.uk , House of Commons , London ,,,, SW1A 0AA
 Lucy , Maria , Powell , contact@lucypowell.org.uk  , House of Commons , London ,,,, SW1A 0AA
 Joan , Marie , Ryan , joan.ryan.mp@parliament.uk , House of Commons , London ,,,, SW1A 0AA
 Stephen , Creswell , Timms , timmss@parliament.uk , House of Commons , London ,,,, SW1A 0AA
 Jeffrey , Mark , Donaldson , jeffrey.donaldson.mp@parliament.uk , House of Commons , London ,,,, SW1A 0AA
 Richard , Michael , Bacon , richardbaconmp@parliament.uk , House of Commons , London ,,,, SW1A 0AA
 Christopher , Murray Alexander , Law , chris.law.mp@parliament.uk , House of Commons , London ,,,, SW1A 0AA
 Mian , Faisal , Rashid , faisal.rashid.mp@parliament.uk , House of Commons , London ,,,, SW1A 0AA
 Rebecca , Faye , Clark (Pow) , rebecca.pow.mp@parliament.uk , House of Commons , London ,,,, SW1A 0AA
 John , Philip , Glen , john.glen.mp@parliament.uk , House of Commons , London ,,,, SW1A 0AA
 Gregory , David , Clark , gregclarkmp@parliament.uk , House of Commons , London ,,,, SW1A 0AA
 Liam ,, Fox , ione.douglas@parliament.uk , House of Commons , London ,,,, SW1A 0AA
 Johnny ,, Mercer , diary@johnnyforplymouth.co.uk  , House of Commons , London ,,,, SW1A 0AA
 Christopher , Charles , Stephens , chris.stephens.mp@parliament.uk , House of Commons , London ,,,, SW1A 0AA
 Jared ,, O'Mara , jared.omara.mp@parliament.uk , House of Commons , London ,,,, SW1A 0AA
 Charles , Geoffrey , Cox , coxg@parliament.uk , House of Commons , London ,,,, SW1A 0AA
 Jacob , William , Rees-Mogg , jacob.reesmogg.mp@parliament.uk , House of Commons , London ,,,, SW1A 0AA
 Stephen , John , Doughty , stephen.doughty.mp@parliament.uk , House of Commons , London ,,,, SW1A 0AA
 Michael , Lee , Amesbury , mike.amesbury.mp@parliament.uk , House of Commons , London ,,,, SW1A 0AA
 Philip ,, Wilson , phil.wilson.mp@parliament.uk , House of Commons , London ,,,, SW1A 0AA
 Mhairi ,, Black , mhairi.black.mp@parliament.uk , House of Commons , London ,,,, SW1A 0AA
 Owen , William , Paterson , Patersono@parliament.uk , House of Commons , London ,,,, SW1A 0AA
 Alison , Emily , Thewliss , alison.thewliss.mp@parliament.uk , House of Commons  , London ,,,, SW1A 0AA
 Barbara , Mary , Keeley ,, House of Commons , London ,,,, SW1A 0AA
 Guto , ap Owain , Bebb , guto.bebb.mp@parliament.uk , House of Commons , London ,,,, SW1A 0AA
 Kelly , Jane , Tolhurst , kelly.tolhurst.mp@parliament.uk , House of Commons , London ,,,, SW1A 0AA
 Christopher , James , Evans , chris.evans.mp@parliament.uk , House of Commons , London ,,,, SW1A 0AA
 Nadine , Vanessa , Dorries , dorriesn@parliament.uk , House of Commons , London ,,,, SW1A 0AA
 Amber ,, Rudd , amber.rudd.mp@parliament.uk , House of Commons , London ,,,, SW1A 0AA
 Joanne , Marie , Platt , joanne.platt.mp@parliament.uk , House of Commons , London ,,,, SW1A 0AA
 Edward , Samuel , Miliband , ed.miliband.mp@parliament.uk , House of Commons , London ,,,, SW1A 0AA
 Christopher , James , Green , chris.green.mp@parliament.uk , House of Commons , London ,,,, SW1A 0AA
 Karin , Marguerite , Smyth , karin.smyth.mp@parliament.uk , House of Commons , London ,,,, SW1A 0AA
 Wendy ,, Morton , wendy.morton.mp@parliament.uk , House of Commons , London ,,,, SW1A 0AA
 Roberta , Carol , Blackman-Woods , woodsr@parliament.uk , House of Commons , London ,,,, SW1A 0AA
 Anne , Frances , Milton , anne.milton.mp@parliament.uk , House of Commons , London ,,,, SW1A 0AA
 Timothy , Paul , Loughton , loughtont@parliament.uk , House of Commons , London ,,,, SW1A 0AA
 Edward , Jonathon , Davey , edward.davey.mp@parliament.uk , House of Commons , London ,,,, SW1A 0AA
 Robert , William Henry , Seely , bob.seely.mp@parliament.uk , House of Commons , London ,,,, SW1A 0AA
 James , Spencer , Cleverly , james.cleverly.mp@parliament.uk , House of Commons , London ,,,, SW1A 0AA
 Gareth , Alan , Johnson , gareth.johnson.mp@parliament.uk , House of Commons , London ,,,, SW1A 0AA
 Edward , Julian Egerton , Leigh , edward.leigh.mp@parliament.uk , House of Commons , London ,,,, SW1A 0AA
 Naseem , Akhtar , Shah , naz.shah.mp@parliament.uk , House of Commons , London ,,,, SW1A 0AA
 David , Anthony Andrew , Amess , amessd@parliament.uk , House of Commons , London ,,,, SW1A 0AA
 Mark , Robert Timothy , Garnier , mark.garnier.mp@parliament.uk , House of Commons , London ,,,, SW1A 0AA
 Ross ,, Thomson , ross.thomson.mp@parliament.uk , House of Commons , London ,,,, SW1A 0AA
 Nusrat , Munir , Ul-Ghani , nusrat.ghani.mp@parliament.uk , House of Commons , London ,,,, SW1A 0AA
 Clive , James Charles , Betts , officeofclivebettsmp@parliament.uk , House of Commons , London ,,,, SW1A 0AA
 Andrew ,, Mitchell , andrew.mitchell.mp@parliament.uk , House of Commons , London ,,,, SW1A 0AA
 David , Melvyn , Linden , david.linden.mp@parliament.uk , House of Commons , London ,,,, SW1A 0AA
 Christopher , Laurie , Malthouse , kit.malthouse.mp@parliament.uk , House of Commons , London ,,,, SW1A 0AA
 Paul , John , Maskey , paul.maskey.mp@parliament.uk , House of Commons , London ,,,, SW1A 0AA
 Olukemi ,, Badenoch , kemi.badenoch.mp@parliament.uk , House of Commons , London ,,,, SW1A 0AA
 Anne Marie ,, Morris , annemarie.morris.mp@parliament.uk , House of Commons , London ,,,, SW1A 0AA
 Gillian ,, Furniss , gill.furniss.mp@parliament.uk , House of Commons , London ,,,, SW1A 0AA
 Andrea , Marie , Jenkyns , andrea.jenkyns.mp@parliament.uk , House of Commons , London ,,,, SW1A 0AA
 Alun , Hugh , Cairns , alun.cairns.mp@parliament.uk , House of Commons , London ,,,, SW1A 0AA
 John , Francis , Spellar , john.spellar.mp@parliament.uk , House of Commons , London ,,,, SW1A 0AA
 Julian , Richard , Smith , julian.smith.mp@parliament.uk , House of Commons , London ,,,, SW1A 0AA
 Elisha ,, McCallion , elisha.mccallion.mp@parliament.uk , House of Commons , London ,,,, SW1A 0AA
 Robert , Alexander , Stewart , bob.stewart.mp@parliament.uk , House of Commons , London ,,,, SW1A 0AA
 Stephen , Pelham , Pound , stevepoundmp@parliament.uk , House of Commons , London ,,,, SW1A 0AA
 Kirstene , Janette , Hair , kirstene.hair.mp@parliament.uk , House of Commons , London ,,,, SW1A 0AA
 Anthony , Joseph , Lloyd , tony.lloyd.mp@parliament.uk , House of Commons , London ,,,, SW1A 0AA
 Kevin , Paul , Hollinrake , kevin.hollinrake.mp@parliament.uk , House of Commons , London ,,,, SW1A 0AA
 Nicklaus ,, Thomas-Symonds , nick.thomassymonds.mp@parliament.uk , House of Commons , London ,,,, SW1A 0AA
 Ann ,, Clwyd , ann.clwyd.mp@parliament.uk , House of Commons , London ,,,, SW1A 0AA
 Alistair , James Hendrie , Burt , alistair.burt.mp@parliament.uk , House of Commons , London ,,,, SW1A 0AA
 John , Eugene Joseph , Dromey , jack.dromey.mp@parliament.uk , House of Commons , London ,,,, SW1A 0AA
 Andrew , John , Gwynne , gwynnea@parliament.uk , House of Commons , London ,,,, SW1A 0AA
 James , Ian , Mearns , ian.mearns.mp@parliament.uk , House of Commons , London ,,,, SW1A 0AA
 Michael , Jon , Wood , mikej.wood.mp@parliament.uk , House of Commons , London ,,,, SW1A 0AA
 Hilary , James , Benn , bennh@parliament.uk , House of Commons , London ,,,, SW1A 0AA
 Jessica , Rose , Phillips , jess.phillips.mp@parliament.uk , House of Commons , London ,,,, SW1A 0AA
 Stephen ,, Hepburn , hepburns@parliament.uk , House of Commons , London ,,,, SW1A 0AA
 Matthew , Thomas , Pennycook , matthew.pennycook.mp@parliament.uk , House of Commons , London ,,,, SW1A 0AA
 Graham , Charles , Stuart , grahamstuartmp@parliament.uk , House of Commons , London ,,,, SW1A 0AA
 Damian , Howard , Green , damian.green.mp@parliament.uk , House of Commons , London ,,,, SW1A 0AA
 Conor ,, Burns , conor.burns.mp@parliament.uk , House of Commons , London ,,,, SW1A 0AA
 Charles , Ashley Rupert , Walker , charles.walker.mp@parliament.uk , House of Commons , London ,,,, SW1A 0AA
 Alexander , Gordon , Martin , sandy.martin.mp@parliament.uk , House of Commons , London ,,,, SW1A 0AA
 John , Flasby Lawrance , Whittingdale , john.whittingdale.mp@parliament.uk , House of Commons , London ,,,, SW1A 0AA
 Louise , Joyce , Ellman , louise.ellman.mp@parliament.uk; james.floyd@parliament.uk , House of Commons , London ,,,, SW1A 0AA
 Charles , George , Eustice , george.eustice.mp@parliament.uk , House of Commons , London ,,,, SW1A 0AA
 Henry , Edward Millar , Smith , henry.smith.mp@parliament.uk , House of Commons , London ,,,, SW1A 0AA
 Atta-Ur-Rehman ,, Chishti , rehman.chishti.mp@parliament.uk , House of Commons , London ,,,, SW1A 0AA
 Jennifer ,, Chapman , jenny.chapman.mp@parliament.uk , House of Commons , London ,,,, SW1A 0AA
 Kevan , David , Jones , kevanjonesmp@parliament.uk , House of Commons , London ,,,, SW1A 0AA
 Luke ,, Pollard , luke.pollard.mp@parliament.uk , House of Commons , London ,,,, SW1A 0AA
 Simon , Richard , Clarke , simon.clarke.mp@parliament.uk , House of Commons , London ,,,, SW1A 0AA
 Patrick , John , Grady , patrick.grady.mp@parliament.uk , House of Commons , London ,,,, SW1A 0AA
 William , Nigel Paul , Cash , cashw@parliament.uk , House of Commons , London ,,,, SW1A 0AA
 Neil ,, Parish , neil.parish.mp@parliament.uk , House of Commons , London ,,,, SW1A 0AA
 Damien ,, Moore , damien.moore.mp@parliament.uk , House of Commons , London ,,,, SW1A 0AA
 Hugh , Lawrence , Gaffney , hugh.gaffney.mp@parliament.uk , House of Commons , London ,,,, SW1A 0AA
 Margaret ,, Greenwood , margaret.greenwood.mp@parliament.uk , House of Commons , London ,,,, SW1A 0AA
 Angus , Brendan , MacNeil , macneila@parliament.uk , House of Commons , London ,,,, SW1A 0AA
 Andrew , William , Murrison , murrisona@parliament.uk , House of Commons , London ,,,, SW1A 0AA
 Frank , Zacharias Robin , Goldsmith , zac@zacgoldsmith.com , House of Commons , London ,,,, SW1A 0AA
 Esther , Louise , McVey , esther.mcvey.mp@parliament.uk , House of Commons , London ,,,, SW1A 0AA
 Andrea , Jacqueline , Leadsom , andrea.leadsom.mp@parliament.uk , House of Commons , London ,,,, SW1A 0AA
 Edmund , Francis , Hughes , eddie.hughes.mp@parliament.uk , House of Commons , London ,,,, SW1A 0AA
 Gerard ,, Killen , ged.killen.mp@parliament.uk , House of Commons , London ,,,, SW1A 0AA
 Adam ,, Afriyie , adam.afriyie.mp@parliament.uk , House of Commons , London ,,,, SW1A 0AA
 William ,, Grant , bill.grant.mp@parliament.uk , House of Commons , London ,,,, SW1A 0AA
 Rosemary , Elizabeth , Cooper ,, House of Commons , London ,,,, SW1A 0AA
 Marie , Elizabeth , Rimmer , marie.rimmer.mp@parliament.uk , House of Commons , London ,,,, SW1A 0AA
 Paul , Phillip , Flynn ,, House of Commons , London ,,,, SW1A 0AA
 Ian , Colin , Lucas , lucasi@parliament.uk , House of Commons , London ,,,, SW1A 0AA
